{"Bleu_1": 0.6421291516578157, "Bleu_2": 0.4994633586180517, "Bleu_3": 0.387897058648971, "Bleu_4": 0.3019874626065023, "METEOR": 0.23140118089883777, "ROUGE_L": 0.5225210772556912, "CIDEr": 1.1545725791119796, "SPICE": 0.2291752517775722, "WMD": 0.5079592871740676}